Image,Class
beating_C10.jpg,beating
beating_C11.jpg,beating
beating_C12.jpg,beating
beating_HP_0.jpg,beating
beating_HP_1.jpg,beating
beating_HP_10.jpg,beating
beating_HP_11.jpg,beating
beating_HP_12.jpg,beating
beating_HP_13.jpg,beating
beating_HP_14.jpg,beating
beating_HP_15.jpg,beating
beating_HP_16.jpg,beating
beating_HP_17.jpg,beating
beating_HP_18.jpg,beating
beating_HP_2.jpg,beating
beating_HP_3.jpg,beating
beating_HP_4.jpg,beating
beating_HP_5.jpg,beating
beating_HP_6.jpg,beating
beating_HP_7.jpg,beating
beating_HP_8.jpg,beating
beating_HP_9.jpg,beating
beating_HP_19.jpg,beating
beating_HP_20.jpg,beating
beating_HP_21.jpg,beating
beating_HP_22.jpg,beating
beating_HP_23.jpg,beating
beating_HP_24.jpg,beating
beating_HP_25.jpg,beating
beating_HP_26.jpg,beating
beating_HP_27.jpg,beating
beating_HP_28.jpg,beating
beating_HP_29.jpg,beating
beating_HP_30.jpg,beating
beating_HP_31.jpg,beating
beating_HP_32.jpg,beating
beating_HP_33.jpg,beating
beating_HP_34.jpg,beating
beating_HP_50.jpg,beating
beating_HP_51.jpg,beating
beating_HP_52.jpg,beating
beating_HP_53.jpg,beating
beating_HP_54.jpg,beating
beating_HP_55.jpg,beating
beating_HP_56.jpg,beating
beating_HP_57.jpg,beating
beating_HP_58.jpg,beating
beating_HP_59.jpg,beating
beating_HP_60.jpg,beating
beating_HP_61.jpg,beating
beating_HP_62.jpg,beating
beating_HP_63.jpg,beating
blood drip_2-2.jpg,blood drip
blood drip_2-3.jpg,blood drip
blood drip_2-4.jpg,blood drip
blood drip_2-5.jpg,blood drip
blood drip_2-6.jpg,blood drip
blood drip_2-7.jpg,blood drip
blood drip_2-8.jpg,blood drip
blood drip_2-9.jpg,blood drip
blood drip_3-1.jpg,blood drip
blood drip_3-2.jpg,blood drip
blood drip_3-3.jpg,blood drip
blood drip_3-4.jpg,blood drip
blood drip_3-5.jpg,blood drip
blood drip_3-6.jpg,blood drip
blood drip_3-7.jpg,blood drip
blood drip_3-8.jpg,blood drip
blood drip_3-9.jpg,blood drip
blood drip_4-1.jpg,blood drip
blood drip_4-2.jpg,blood drip
blood drip_4-3.jpg,blood drip
blood drip_4-4.jpg,blood drip
blood drip_4-5.jpg,blood drip
blood drip_4-6.jpg,blood drip
blood drip_4-7.jpg,blood drip
blood drip_4-8.jpg,blood drip
blood drip_4-9.jpg,blood drip
blood drip_5-1.jpg,blood drip
blood drip_5-2.jpg,blood drip
blood drip_5-3.jpg,blood drip
blood drip_5-4.jpg,blood drip
blood drip_5-5.jpg,blood drip
blood drip_5-6.jpg,blood drip
blood drip_5-7.jpg,blood drip
blood drip_5-8.jpg,blood drip
blood drip_5-9.jpg,blood drip
blood drip_6-1.jpg,blood drip
blood drip_6-2.jpg,blood drip
blood drip_6-3.jpg,blood drip
blood drip_6-4.jpg,blood drip
blood drip_6-5.jpg,blood drip
blood drip_6-6.jpg,blood drip
blood drip_6-7.jpg,blood drip
blood drip_6-8.jpg,blood drip
blood drip_6-9.jpg,blood drip
blood drip_7-1.jpg,blood drip
blood drip_7-2.jpg,blood drip
blood drip_7-3.jpg,blood drip
blood drip_7-4.jpg,blood drip
blood drip_7-5.jpg,blood drip
blood drip_7-6.jpg,blood drip
blood drip_7-7.jpg,blood drip
blood drip_7-8.jpg,blood drip
blood drip_7-9.jpg,blood drip
blood drip_8-1.jpg,blood drip
blood drip_8-2.jpg,blood drip
blood drip_8-3.jpg,blood drip
blood drip_8-4.jpg,blood drip
blood drip_8-5.jpg,blood drip
blood drip_8-6.jpg,blood drip
blood drip_8-7.jpg,blood drip
blood drip_8-8.jpg,blood drip
blood drip_8-9.jpg,blood drip
blood drip_9-1.jpg,blood drip
blood drip_9-2.jpg,blood drip
blood drip_9-3.jpg,blood drip
blood drip_9-4.jpg,blood drip
blood drip_9-5.jpg,blood drip
blood drip_9-6.jpg,blood drip
blood drip_9-7.jpg,blood drip
blood drip_9-8.jpg,blood drip
blood drip_9-9.jpg,blood drip
blood drip_2-2.jpg,blood drip
blood drip_2-3.jpg,blood drip
blood drip_2-4.jpg,blood drip
blood drip_2-5.jpg,blood drip
blood drip_2-6.jpg,blood drip
blood drip_2-7.jpg,blood drip
blood drip_2-8.jpg,blood drip
blood drip_2-9.jpg,blood drip
blood drip_3-1.jpg,blood drip
blood drip_3-2.jpg,blood drip
blood drip_3-3.jpg,blood drip
blood drip_3-4.jpg,blood drip
blood drip_3-5.jpg,blood drip
blood drip_3-6.jpg,blood drip
blood drip_3-7.jpg,blood drip
blood drip_3-8.jpg,blood drip
blood drip_3-9.jpg,blood drip
blood drip_4-1.jpg,blood drip
blood drip_4-2.jpg,blood drip
blood drip_4-3.jpg,blood drip
blood drip_4-4.jpg,blood drip
blood drip_4-5.jpg,blood drip
blood drip_4-6.jpg,blood drip
blood drip_4-7.jpg,blood drip
blood drip_4-8.jpg,blood drip
blood drip_4-9.jpg,blood drip
blood drip_5-1.jpg,blood drip
blood drip_5-2.jpg,blood drip
blood drip_5-3.jpg,blood drip
blood drip_5-4.jpg,blood drip
blood drip_5-5.jpg,blood drip
blood drip_5-6.jpg,blood drip
blood drip_5-7.jpg,blood drip
blood drip_5-8.jpg,blood drip
blood drip_5-9.jpg,blood drip
blood drip_6-1.jpg,blood drip
blood drip_6-2.jpg,blood drip
blood drip_6-3.jpg,blood drip
blood drip_6-4.jpg,blood drip
blood drip_6-5.jpg,blood drip
blood drip_6-6.jpg,blood drip
blood drip_6-7.jpg,blood drip
blood drip_6-8.jpg,blood drip
blood drip_6-9.jpg,blood drip
blood drip_7-1.jpg,blood drip
blood drip_7-2.jpg,blood drip
blood drip_7-3.jpg,blood drip
blood drip_7-4.jpg,blood drip
blood drip_7-5.jpg,blood drip
blood drip_7-6.jpg,blood drip
blood drip_7-7.jpg,blood drip
blood drip_7-8.jpg,blood drip
blood drip_7-9.jpg,blood drip
blood drip_8-1.jpg,blood drip
blood drip_8-2.jpg,blood drip
blood drip_8-3.jpg,blood drip
blood drip_8-4.jpg,blood drip
blood drip_8-5.jpg,blood drip
blood drip_8-6.jpg,blood drip
blood drip_8-7.jpg,blood drip
blood drip_8-8.jpg,blood drip
blood drip_8-9.jpg,blood drip
blood drip_9-1.jpg,blood drip
blood drip_9-2.jpg,blood drip
blood drip_9-3.jpg,blood drip
blood drip_9-4.jpg,blood drip
blood drip_9-5.jpg,blood drip
blood drip_9-6.jpg,blood drip
blood drip_9-7.jpg,blood drip
blood drip_9-8.jpg,blood drip
blood drip_9-9.jpg,blood drip
gun_Hr24#.jpg,gun
gun_Rp43.jpg,gun
gun_Rp44.jpg,gun
gun_Rp45.jpg,gun
gun_Rp46.jpg,gun
gun_Rp47.jpg,gun
gun_Rp48.jpg,gun
gun_Rp49.jpg,gun
gun_Rp50.jpg,gun
gun_Rp51m.jpg,gun
gun_Hf84.jpg,gun
gun_Hf85.jpg,gun
gun_Hr70.jpg,gun
gun_Hr71.jpg,gun
gun_Hr82.jpg,gun
gun_Hr83.jpg,gun
gun_Rp53m.jpg,gun
gun_Rp55m.jpg,gun
gun_Rp56m.jpg,gun
gun_Hr74.jpg,gun
gun_Hr75.jpg,gun
gun_Hr78.jpg,gun
gun_Rf13# (T13).jpg,gun
gun_Rf14(T14).jpg,gun
gun_Rp10#.jpg,gun
gun_Rp11#.jpg,gun
gun_Rp12#.jpg,gun
gun_Rp15#.jpg,gun
gun_Rp16#.jpg,gun
gun_Rp7#.jpg,gun
gun_Rp8#.jpg,gun
gun_H-a0-D200-3 (106).jpg,gun
gun_H-a0-D300-#1_a.jpg,gun
gun_H-a0-D300-#1_b.jpg,gun
gun_H-a0-D300-#2_assembly_a.jpg,gun
gun_H-a0-D300-#2_assembly_b.jpg,gun
gun_H-a30-D270-#1.jpg,gun
gun_H-a30-D270-#2.jpg,gun
gun_H-a45-D200-1.jpg,gun
gun_H-a45-D200-#3.jpg,gun
gun_H-a60-D150-#1.jpg,gun
gun_H-a60-D150-#2_assembly.jpg,gun
gun_H-a60-D150-3.jpg,gun
gun_Hr105.jpg,gun
gun_Hr21#.jpg,gun
gun_Hr30m.jpg,gun
gun_R-a0-D200-3 (102).jpg,gun
gun_H-a0-D200-1 (93).jpg,gun
gun_Hr22.jpg,gun
gun_Hr23.jpg,gun
gun_Hr25.jpg,gun
gun_Hr27.jpg,gun
gun_Hr28m.jpg,gun
gun_Hr29m.jpg,gun
gun_Hr31m.jpg,gun
gun_Hr32m.jpg,gun
gun_Hr33m.jpg,gun
gun_Hr34.jpg,gun
gun_R-a0-D200-2 (96).jpg,gun
gun_Rp101.jpg,gun
gun_Rp9#.jpg,gun
beating_C6.jpg,beating
beating_C7.jpg,beating
beating_C8.jpg,beating
beating_C9.jpg,beating
blood drip_1-6.jpg,blood drip
blood drip_1-7.jpg,blood drip
blood drip_1-8.jpg,blood drip
blood drip_1-9.jpg,blood drip
blood drip_2-1.jpg,blood drip
gun_Hr35.jpg,gun
gun_Hr36.jpg,gun
gun_Rp41.jpg,gun
gun_Rp42.jpg,gun
beating_C1.jpg,beating
beating_C2.jpg,beating
beating_C3.jpg,beating
beating_C4.jpg,beating
beating_C5.jpg,beating
blood drip_1-1.jpg,blood drip
blood drip_1-2.jpg,blood drip
blood drip_1-3.jpg,blood drip
blood drip_1-4.jpg,blood drip
blood drip_1-5.jpg,blood drip
gun_Hf72.jpg,gun
gun_Hf73.jpg,gun
gun_Hf76.jpg,gun
gun_Hf77.jpg,gun
gun_Hf81.jpg,gun
